id,name,sector,ministry,state,original_cost,revised_cost,expenditure,physical_progress,project_age_days,expenditure_pct,time_overrun_days
"706718","C/o NITB Imphal Airport","Aviation & Aviation Infrastructure","Ministry of Civil Aviation","Manipur",499,499,215.1,54,1764,43.1,901
"432726","Construction of 8 Nos. RETs for Runway 07-25, 3 nos. RETs for Runway 12-30, Extension of parallel Taxi Track-R with link Taxi- track and Link Taxi-Track-K1 at Chennai Airport","Aviation & Aviation Infrastructure","Ministry of Civil Aviation","Tamil Nadu",480,480,9.68,4,776,2,0
"701121","Construction of New Domestic Terminal Building at Rajahmundry Airport.","Aviation & Aviation Infrastructure","Ministry of Civil Aviation","Andhra Pradesh",347,347,190.89,97,1340,55,444
"701101","Construction of New Domestic Terminal Building [Phase-I and II] and other allied structures at JPNI Airport, Patna","Aviation & Aviation Infrastructure","Ministry of Civil Aviation","Bihar",1217,1216.9,1216.11,99,2888,99.9,92
"612788","Construction of New Domestic Terminal Building and Miscellaneous Works at Belagavi Airport.","Aviation & Aviation Infrastructure","Ministry of Civil Aviation","Karnataka",322,322,242.16,98,1186,75.2,226
"612787","Construction of New Domestic Terminal Building and Miscellaneous works at Hubli Airport","Aviation & Aviation Infrastructure","Ministry of Civil Aviation","Karnataka",320,320,169.11,92,1186,52.8,252
"612786","Construction of New Domestic Terminal Building Building and miscellaneous works including maintenance, operations and AICMC at Kadapa Airport","Aviation & Aviation Infrastructure","Ministry of Civil Aviation","Andhra Pradesh",266,266,186.36,83,1270,70.1,246
"701128","Construction of New Integrated Passenger Terminal Building at Udaipur Airport","Aviation & Aviation Infrastructure","Ministry of Civil Aviation","Rajasthan",887,887,588.79,84,1167,66.4,200
"701107","Construction of New Integrated Terminal Building and associated works including apron to park 3 code E type of aircraft or 6 code C type of aircraft at Vijayawada Airport.","Aviation & Aviation Infrastructure","Ministry of Civil Aviation","Andhra Pradesh",612,824.28,600.58,91,2266,98.1,1528
"701127","Construction of New Passenger Terminal Building for Domestic Operations at Jodhpur Airport.","Aviation & Aviation Infrastructure","Ministry of Civil Aviation","Rajasthan",480,480,348.23,100,1552,72.5,87
"611047","Construction of NTB complex including apron, taxi track and other associated civil works and electrical & mechanical installations towards Tawi River side at CA Jammu.","Aviation & Aviation Infrastructure","Ministry of Civil Aviation","Jammu & Kashmir",861,861.37,388.13,61,1056,45.1,162
"400010","Construction of Terminal Building & Associated works at Leh Airport, Ladakh","Aviation & Aviation Infrastructure","Ministry of Civil Aviation","Ladakh",480,640,524.37,93,2957,109.2,1842
"612789","Development of additional RESA on either end on Runway 10-28 at Calicut Airport.","Aviation & Aviation Infrastructure","Ministry of Civil Aviation","Kerala",485,485,246.96,66,1181,50.9,549
"701126","Development of Dholera International Greenfield Airport , Gujarat","Aviation & Aviation Infrastructure","Ministry of Civil Aviation","Gujarat",1305,1551,987.56,89,1539,75.7,92
"701113","Development of Lal Bahadur Shastri International airport, Varanasi including C/o New Terminal Building, Apron Extension, Runway Extension, PTT and allied works.","Aviation & Aviation Infrastructure","Ministry of Civil Aviation","Uttar Pradesh",2870,2870,812.14,35,788,28.3,0
"612194","Development of New Civil Enclave and associated works at Darbhanga Airport","Aviation & Aviation Infrastructure","Ministry of Civil Aviation","Bihar",912,912,453.47,73,789,49.7,142
"611495","Development of New Civil Enclave at Bagdogra Airport","Aviation & Aviation Infrastructure","Ministry of Civil Aviation","West Bengal",1549,1549,570.75,29,732,36.8,0
"618977","Development of New Greenfield Airport at Bundi, Kota Rajasthan.","Aviation & Aviation Infrastructure","Ministry of Civil Aviation","Rajasthan",1507,1507,99.47,14,367,6.6,25
"706724","Guwahati Airport New Integrated Terminal Building Construction Project","Aviation & Aviation Infrastructure","Ministry of Civil Aviation","Assam",1712,2520,2670.23,100,3560,156,456
"611602","Modernization of Chennai Airport, Phase II, Part 2","Aviation & Aviation Infrastructure","Ministry of Civil Aviation","Tamil Nadu",1207,1207,368.1,50,3031,30.5,638
"613800","JAGANNATHPUR OC RCE PROJECT","Coal","Ministry of Coal","Multi-State / Central",459,459,280.03,96,3689,61,730
"400142","Pachwara South Coal Block","Coal","Ministry of Coal","Multi-State / Central",2243,2243,1448.39,87,3826,64.6,0
"400148","AMADAND OCP[4.0MTY]","Coal","Ministry of Coal","Multi-State / Central",869,869,333.43,75,3831,38.4,2191
"611864","AMALAGAMATED NTST KUJAMA OCP 8","Coal","Ministry of Coal","Multi-State / Central",4012,4012,449.34,32,1335,11.2,0
"400183","BALARAM EXPANSION OCP","Coal","Ministry of Coal","Multi-State / Central",3504,3504,964.2,65,2218,27.5,0
"400149","BAROUD OC EXPANSION [3.0-10.0M","Coal","Ministry of Coal","Multi-State / Central",2310,2310,1040.67,56,2218,45.1,0
"400392","BHARATPUR RE-ORGANIZATION OCP","Coal","Ministry of Coal","Multi-State / Central",2839,2839,1716.51,54,2849,60.5,0
"616231","BHUBANESWARI EXPN OCP 50 MTY","Coal","Ministry of Coal","Odisha",5366,5366,478.44,34,888,8.9,0
"400369","BINA KAKRI AMALGAMATION EXPANS","Coal","Ministry of Coal","Madhya Pradesh",836,836,840.16,92,2197,100.5,1095
"400162","BLOCK B EXPANSION [3.5 TO 8.0","Coal","Ministry of Coal","Multi-State / Central",999,999,548.84,52,2597,54.9,1461
"400180","BONJEMEHARI EXPANSION OCP","Coal","Ministry of Coal","Multi-State / Central",570,570.11,88.99,17,1847,15.6,1461
"400354","DIPKA EXPANSION OCP [40 MTY]","Coal","Ministry of Coal","Multi-State / Central",5241,5241,2949.65,39,2076,56.3,0
"400156","EPR AMRAPALI OCP","Coal","Ministry of Coal","Multi-State / Central",4984,4984,1383.71,44,2393,27.8,0
"400424","GEVRA OC [70 MTY]","Coal","Ministry of Coal","Multi-State / Central",11816,11816,6984.95,78,3831,59.1,1461
"400185","GOPALJI KANIHA OCP [10 TO 30 M","Coal","Ministry of Coal","Multi-State / Central",8416,6107.87,1779.77,36,1589,21.1,0
"619032","JAYANT EXPN. [20 TO 38 MTPA]","Coal","Ministry of Coal","Multi-State / Central",25560,25560,425.01,3,550,1.7,0
"400139","KOTRE BASANTPUR PACHMO OCP","Coal","Ministry of Coal","Multi-State / Central",625,625.4,456.48,46,2218,73,0
"400425","MOONIDIH XV SEAM UG","Coal","Ministry of Coal","Multi-State / Central",1230,1230,813.42,85,5498,66.1,2740
"613808","MURAIDIH UG PROJECT","Coal","Ministry of Coal","Multi-State / Central",340,340,191.49,70,5677,56.3,4628
"400321","NIGAHI EXPANSION [15 TO 25 MTP","Coal","Ministry of Coal","Multi-State / Central",1730,1730,1001.52,54,2119,57.9,1096
"400160","RAJRAPPA RCE OCP","Coal","Ministry of Coal","Multi-State / Central",511,511,488.71,76,6095,95.6,4017
"617416","Revised Jharia Master Plan for Dealing with Fire, Subsidence & Rehabilitation of affected families in Jharia Coalfield- Reg.","Coal","Ministry of Coal","Jharkhand",5940,5940,520.75,34,432,8.8,0
"400150","RPR MAGADH EXP OCP","Coal","Ministry of Coal","Multi-State / Central",6964,6964,1880.46,39,2218,27,0
"400166","SIARMAL OCP","Coal","Ministry of Coal","Multi-State / Central",5195,5195,3496.21,62,2036,67.3,0
"603293","Badam Coal Mining project of NTPC","Coal","Ministry of Power","Multi-State / Central",502,784,442.42,68,2768,88.1,0
"400192","Tubed Coal Mine","Coal","Ministry of Power","Multi-State / Central",1581,1581,628.9,37,3704,39.8,213
"617412","Construction of One Tower of Office Complex and Residential quarters at Khajaguda, Serilingampally, Hyderabad.","Construction","Ministry of Housing & Urban Affairs","Telangana",644,644,206.31,29,895,32,0
"617280","Construction of Director General, GSI Building at Sector-V, Salt Lake, Kolkata","Construction","Ministry of Mines","West Bengal",255,255,98.96,64,2694,38.8,0
"619033","1000 seater Boys hostel, 500 seater Girls hostel, 1.5 MLD STP and Faculty Residence at NIT Rourkela","Education","Department of Higher Education","Odisha",199,199,57.01,53,1094,28.6,427
"606013","Additional Campus of NIT Patna","Education","Department of Higher Education","Bihar",499,499,449.96,99,1501,90.2,549
"606479","Banaras Hindu University [Kayakalp of Institute of Medical Sciences]","Education","Department of Higher Education","Multi-State / Central",246,246,214.03,99,2261,87,1765
"612885","Construction and Developement of NIT Meghalaya Permanent Campus at Sohra","Education","Department of Higher Education","Meghalaya",495,429.7,385.32,98,6192,77.8,1675
"602098","Construction of Permanent Campus for IIM Jammu Phase-1 at Jagti, Nagrota, Jammu, J&K","Education","Department of Higher Education","Jammu & Kashmir",425,500.91,484.52,96,2740,114,884
"606431","CONSTRUCTION OF PERMANENT CAMPUS FOR IIT PALAKKAD UNDER PHASE 1A","Education","Department of Higher Education","Kerala",1006,1217.4,707.03,90,3348,70.3,1484
"612876","Construction of Permanent Campus for NIT Mizoram at Lengpui, Aizawl","Education","Department of Higher Education","Mizoram",474,474.23,167.55,4,6192,35.3,0
"605292","Construction of Permanent Campus of IIM Amritsar, Punjab, Phase-I","Education","Department of Higher Education","Punjab",348,386.86,294.73,93,2526,84.7,1239
"609736","Construction of Sikkim University Campus Phase-I Package-II at Yangang, South Sikkim","Education","Department of Higher Education","Sikkim",314,340.55,292,97,2221,93,665
"602099","Establishment of Permanent campus Phase 1 of IIM Sirmaur","Education","Department of Higher Education","Himachal Pradesh",393,454.78,340.11,99,2905,86.5,1065
"610315","IISER BERHAMPUR","Education","Department of Higher Education","Multi-State / Central",1229,843.09,874.09,98,2868,71.1,2040
"606112","Tezpur University Projects","Education","Department of Higher Education","Assam",154,154,798.42,98,2651,518.5,784
"400081","National Sports University [NSU], Imphal [Manipur]","Education","Department of Sports","Manipur",906,611.74,577.32,98,1540,63.7,712
"617730","600 MW Khavda Solar Power Project","Electricity Generation","Ministry of Coal","Gujarat",3336,3336,2202.23,65,1126,66,184
"400231","NLC Talabira Thermal Power Project","Electricity Generation","Ministry of Coal","Multi-State / Central",27213,27213,3606.38,4,3505,13.3,0
"611716","700 MW Tato-II HE Project","Electricity Generation","Ministry of Power","Arunachal Pradesh",8146,8146,254.77,7,361,3.1,0
"602579","Buxar Thermal Power Project [1320 MW]","Electricity Generation","Ministry of Power","Bihar",10439,13756.6,13814,95,2733,132.3,959
"602582","Dhaulasidh Hydro Electric Project [66 MW]","Electricity Generation","Ministry of Power","Multi-State / Central",688,1763.31,1284.9,81,2160,186.8,511
"602182","Dibang Multipurpose Project","Electricity Generation","Ministry of Power","Arunachal Pradesh",31876,31876,5118.73,18,1281,16.1,0
"618976","Gadarwara Super Thermal Power Project, Stage-II [2x800 MW]","Electricity Generation","Ministry of Power","Multi-State / Central",20446,20446,2434.64,13,664,11.9,0
"602532","Kiru HE Project","Electricity Generation","Ministry of Power","Multi-State / Central",4288,5409,4118.03,90,2733,96,1211
"611509","Koderma Thermal Power Station Phase II [2X800 MW] At Koderma, Jharkhand","Electricity Generation","Ministry of Power","Jharkhand",14358,14358,2416.6,16,1221,16.8,0
"611930","Lara Super Thermal Power Project Stage-II [2 x 800 MW]","Electricity Generation","Ministry of Power","Multi-State / Central",15530,16106,5711.52,35,1098,36.8,153
"602593","Luhri Stage-I Hydro Electric Project [210 MW]","Electricity Generation","Ministry of Power","Multi-State / Central",1811,4345.31,1981.17,52,2110,109.4,1591
"619051","Nabinagar Super Thermal Power Project, Stage-II [3x800 MW]","Electricity Generation","Ministry of Power","Madhya Pradesh",29948,29948,3677.01,16,664,12.3,0
"602525","Pakal Dul [Drangdhuran] Hydroelectric Project, 1000 MW","Electricity Generation","Ministry of Power","Multi-State / Central",8112,12728,9905.5,87,4325,122.1,2439
"400261","Patratu Thermal Power Station Expansion Project Phase-I [3x800 MW]","Electricity Generation","Ministry of Power","Jharkhand",18668,20302,19405.5,92,3219,104,1491
"602184","Rammam-III HEPP [3x40 MW]","Electricity Generation","Ministry of Power","Multi-State / Central",1382,2865.56,1701.35,60,4373,123.1,3653
"605156","Rangit-IV HE Project [120 MW]","Electricity Generation","Ministry of Power","Multi-State / Central",938,1828.11,1726.66,98,1980,184.1,915
"602096","Subansiri Lower HE Project [2000 MW]","Electricity Generation","Ministry of Power","Multi-State / Central",6285,26075.5,26575.2,98,8392,422.8,6048
"611586","Sunni Dam Hydro Electric Project [382 MW]","Electricity Generation","Ministry of Power","Multi-State / Central",2615,4555.49,1173.23,35,1327,44.9,637
"602961","Talcher Thermal Power Station Stage III [2 x 660 MW] Expansion","Electricity Generation","Ministry of Power","Odisha",11844,12543,7146.85,56,1467,60.3,366
"602185","Tapovan-Vishnugad HEP [4x130 MW]","Electricity Generation","Ministry of Power","Multi-State / Central",2978,10907.3,7887.36,76,7228,264.9,5966
"602181","TEESTA-VI HE PROJECT, SIKKIM [500 MW]","Electricity Generation","Ministry of Power","Sikkim",5748,5748.04,4676.46,74,2733,81.4,2033
"602195","Vishnugad Pipalkoti Hydro Electric Project [444 MW]","Electricity Generation","Ministry of Power","Multi-State / Central",3860,6405.08,5906,82,6584,153,2024
"604833","Andheri Residential Towers, Mumbai","Energy Storage","Ministry of Petroleum & Natural Gas","Maharashtra",281,389.67,294.89,88,3352,104.9,760
"400012","Kandla Gorakhpur LPG Pipeline","Energy Storage","Ministry of Petroleum & Natural Gas","Gujarat",10088,10088,8598.52,96,2800,85.2,1765
"400301","Multi Product Pipeline from Irugur to Devangonthi","Energy Storage","Ministry of Petroleum & Natural Gas","Multi-State / Central",678,1732,1237.73,88,5043,182.6,3504
"701349","Paradip-Numaligarh Crude Oil Pipeline [PNCPL] & Crude Oil Import Terminal [COIT] at Paradip","Energy Storage","Ministry of Petroleum & Natural Gas","Assam",10228,12407,11236.5,94,2772,109.9,826
"701171","AIIMS Bibinagar","Healthcare","Ministry of Health & Family Welfare","Madhya Pradesh",1028,1365.95,1037.55,88,2814,100.9,184
"701172","AIIMS Darbhanga","Healthcare","Ministry of Health & Family Welfare","Bihar",2006,2006,40.33,1,2176,2,0
"701167","AIIMS Kashmir at Awantipora Jammu & Kashmir","Healthcare","Ministry of Health & Family Welfare","Jammu & Kashmir",1828,2570.19,1624.3,80,2790,88.9,394
"701173","AIIMS Majra Rewari Haryana","Healthcare","Ministry of Health & Family Welfare","Haryana",1299,1646.43,772.62,70,2741,59.5,0
"701170","AIIMS Rajkot","Healthcare","Ministry of Health & Family Welfare","Gujarat",1195,1195,809.29,94,2790,67.7,275
"701168","ALL India Institute of Medical Sciences-AIIMS Madurai","Healthcare","Ministry of Health & Family Welfare","Tamil Nadu",1264,2021.51,567.36,57,2814,44.9,1522
"707022","Establishment of new GMC Chaibasa [Singhbhum]","Healthcare","Ministry of Health & Family Welfare","Multi-State / Central",250,454.1,333.1,83,2999,133.2,386
"707039","Establishment of new GMC Gangtok","Healthcare","Ministry of Health & Family Welfare","Sikkim",250,635.21,667.21,100,2886,266.9,0
"707020","Establishment of new GMC Jamui","Healthcare","Ministry of Health & Family Welfare","Multi-State / Central",250,500,103.41,32,2734,41.4,0
"707069","Establishment of new GMC Kapurthala","Healthcare","Ministry of Health & Family Welfare","Multi-State / Central",325,550,50,1,2469,15.4,0
"707021","Establishment of new GMC Koderma","Healthcare","Ministry of Health & Family Welfare","Jharkhand",250,504.8,271,40,1091,108.4,0
"707049","Establishment of new GMC Panchmahal","Healthcare","Ministry of Health & Family Welfare","Multi-State / Central",325,663.5,467.35,98,1441,143.8,0
"707087","Establishment of new GMC Pithoragarh","Healthcare","Ministry of Health & Family Welfare","Multi-State / Central",325,768.89,470.18,78,1832,144.7,0
"707050","Establishment of new GMC Porbandar","Healthcare","Ministry of Health & Family Welfare","Multi-State / Central",325,618.98,936.84,81,1609,288.3,0
"617883","Redevelopment of Residential colonies at Ayur Vigyan Nagar and West Ansari Nagar campuses of AIIMS, New Delhi","Healthcare","Ministry of Health & Family Welfare","Delhi",4441,4441,44.44,57,3597,1,0
"612259","CONSTRUCTION OF 300 BEDDED HOSPITAL AT HARIDWAR","Healthcare","Ministry of Labour and Employment","Uttarakhand",102,297.63,340.3,92,2016,333.6,639
"707410","Integrated Multi Modal Logistics Hub at Nangal Chaudhary in Haryana - Phase 1","Logistics Infrastructure","Department for Promotion of Industry & Internal Trade","Haryana",763,763,430,60,3029,56.4,1597
"400141","Expansion of Alumina Refinery Plant with addition of 5th Stream (1.0 MTPA)","Metals & Mining","Ministry of Mines","Multi-State / Central",4103,5677.4,5075.89,96,3419,123.7,1277
"400426","Expansion of Malanjkhand Copper Project","Metals & Mining","Ministry of Mines","Multi-State / Central",1856,3800,1059.82,32,5449,57.1,3257
"400299","Pottangi Bauxite Mines Project","Metals & Mining","Ministry of Mines","Multi-State / Central",1381,1960.77,770.37,52,3031,55.8,609
"615202","Capacity expansion of Deposit-14 and 14 NMZ at Kirandul","Metals & Mining","Ministry of Steel","Chhattisgarh",1700,1756.2,303.01,25,1845,17.8,0
"400171","2G Ethanol Biorefinery at Bathinda","Oil & Gas","Ministry of Petroleum & Natural Gas","Punjab",1421,1421.46,1297.86,96,2295,91.3,1412
"400168","500 KTA PDHPP Project, Usar","Oil & Gas","Ministry of Petroleum & Natural Gas","Multi-State / Central",8797,11256,8971.88,92,1971,102,813
"701324","Barauni Refinery Capacity Expansion from 6.0 to 9.0 MMTPA","Oil & Gas","Ministry of Petroleum & Natural Gas","Bihar",14810,16724,13221,92,2405,89.3,1341
"701289","Capacity Expansion of Panipat Refinery from 15 to 25 MMTPA","Oil & Gas","Ministry of Petroleum & Natural Gas","Haryana",34627,36225,28279.5,95,2012,81.7,822
"604795","CBR 9 MMTPA Project","Oil & Gas","Ministry of Petroleum & Natural Gas","Tamil Nadu",31580,36354,1615.53,10,1823,5.1,1247
"701338","City Gas Distribution Maharashtra Natural Gas Limited","Oil & Gas","Ministry of Petroleum & Natural Gas","Maharashtra",5535,5535,4537.07,47,7535,82,0
"709795","City Gas Distribution Projects at Lakhimpur Kheri, Sitapur, Bahraich, Shravasti, Balrampur, Siddharth Nagar & Maharajganj","Oil & Gas","Ministry of Petroleum & Natural Gas","Multi-State / Central",16654,16654,763.51,20,1349,4.6,0
"709839","Daman Upside Development Project","Oil & Gas","Ministry of Petroleum & Natural Gas","Multi-State / Central",4144,6406.9,6302.5,93,1524,152.1,426
"617302","Durgapur - Haldia Pipeline [Section-3B of JHBDPL Project]","Oil & Gas","Ministry of Petroleum & Natural Gas","West Bengal",1740,2583,2392.6,96,3470,137.5,2099
"709798","Ethylene Cracker Project at Bina Refinery including downstream Petrochemical Plants","Oil & Gas","Ministry of Petroleum & Natural Gas","Madhya Pradesh",43367,43367,6688.5,37,1204,15.4,0
"604853","Indian Oil Technology Development and Deployment Centre at R&D Campus-II, Faridabad","Oil & Gas","Ministry of Petroleum & Natural Gas","Haryana",2282,3200,1922.1,66,2622,84.2,1673
"604859","Integrated Para Xylene [PX] and Purified Terephthalic Acid [PTA] Project at Paradip Refinery","Oil & Gas","Ministry of Petroleum & Natural Gas","Odisha",13805,11783,8995,95,2222,65.2,973
"400120","KG-DWN-98/2 Cluster - II Development Project - NELP Block","Oil & Gas","Ministry of Petroleum & Natural Gas","Multi-State / Central",34012,34012,33198.8,97,3808,97.6,2283
"701228","Kochi - Koottanad - Bangalore - Mangalore Pipeline Phase-II","Oil & Gas","Ministry of Petroleum & Natural Gas","Karnataka",2915,5909,4897.9,98,6279,168,5021
"616933","Lube Modernization & Bottom Upgradation Project at Mumbai Refinery","Oil & Gas","Ministry of Petroleum & Natural Gas","Maharashtra",4679,6008,326.17,16,623,7,533
"701346","North East Gas Grid","Oil & Gas","Ministry of Petroleum & Natural Gas","Multi-State / Central",9265,9265,7011.75,89,2343,75.7,1461
"604791","Numaligarh Refinery Expansion Project","Oil & Gas","Ministry of Petroleum & Natural Gas","Assam",12366,25313,20845.8,88,2226,168.6,977
"619223","Petro Resid Fluidized Catalytic Cracking [PRFCC] Unit at Mumbai Refinery","Oil & Gas","Ministry of Petroleum & Natural Gas","Maharashtra",13626,13626,109,8,458,0.8,0
"611917","Poly Butadiene Rubber plant at Panipat","Oil & Gas","Ministry of Petroleum & Natural Gas","Haryana",1459,2531.44,1570.15,91,1629,107.6,640
"709849","PRP-VIII Group B [NH & BS Asset]","Oil & Gas","Ministry of Petroleum & Natural Gas","Multi-State / Central",2547,3348.6,3003.9,99,802,117.9,306
"400203","Dharamjaigarh-Korba","Railways","Ministry of Coal","Chhattisgarh",1686,2438.53,792.73,44,3023,47,0
"400416","Shivpur-Kathautia New Rail [BG] Line [49 km]","Railways","Ministry of Coal","Multi-State / Central",1800,2564.34,1784.77,72,3107,99.2,730
"705356","Ahmednagar - Beed - Parli - Vaijnath New Broad Gauge Line Railway Project [261.3 km]","Railways","Ministry of Railways","Multi-State / Central",2539,5942.48,5084.82,93,10783,200.3,0
"617252","Anand Nagar - Ghughuli via Maharajganj 53.37 km","Railways","Ministry of Railways","Multi-State / Central",958,1501.1,894.1,14,1102,93.3,0
"705368","Araria-Supaul 92 km","Railways","Ministry of Railways","Multi-State / Central",1605,2621.05,2179.84,40,6220,135.8,1036
"400204","Bahraich - Khalilabad via Bhinga, Shravasti, Balrampur 240.26 km","Railways","Ministry of Railways","Multi-State / Central",4940,4939.78,1767.82,16,2861,35.8,1
"703586","Baiyyappanahalli-Hosur 48 km","Railways","Ministry of Railways","Multi-State / Central",499,1160,700.64,85,2709,140.4,396
"705357","Baramati - Lonand 54 km","Railways","Ministry of Railways","Multi-State / Central",138,1790.5,1160.74,60,10070,841.1,0
"705510","Bhadrak-Nergundi - 3rd line 80 km","Railways","Ministry of Railways","Multi-State / Central",1284,1600,1404.45,85,5291,109.4,427
"705780","Bhatni - Aunrihar with electrification 125 km","Railways","Ministry of Railways","Multi-State / Central",2529,2529.46,2296.77,94,3105,90.8,821
"705628","Bondamunda - Ranchi 158.50 km","Railways","Ministry of Railways","Jharkhand",3029,3029.04,2706.77,95,3805,89.4,365
"705515","Budhapank-Salegaon via Rajatgarh - 3rd & 4th line 85 km","Railways","Ministry of Railways","Multi-State / Central",1173,3034.8,2226.1,86,3919,189.8,0
"705453","Dahod-Indore via Sardarpur, Jhabua & Dhar 200.97 km","Railways","Ministry of Railways","Madhya Pradesh",456,9217.23,4565.59,57,5186,1001.2,0
"705504","Daund - Manmad 247.50 km","Railways","Ministry of Railways","Multi-State / Central",2081,3554.74,3270.66,95,3253,157.2,120
"705392","Dimapur-Kohima 88 km","Railways","Ministry of Railways","Nagaland",6663,15310.2,6891.03,48,7214,103.4,1741
"705373","Fatuah-Islampur incl. extension of new line from Neora to Daniawan to Sheikhpura","Railways","Ministry of Railways","Multi-State / Central",1473,3259.35,3044.61,95,8778,206.7,884
"705490","Gadag - Wadi 257.26 km","Railways","Ministry of Railways","Multi-State / Central",2842,3668.17,2324.01,35,4900,81.8,275
"705419","Gwalior-Sheorpurkalan with extension to Kota 284 km","Railways","Ministry of Railways","Madhya Pradesh",2913,3947,3112.88,91,6037,106.9,334
"705366","Hajipur-Sagauli via Vaishali 148.3 km","Railways","Ministry of Railways","Multi-State / Central",2067,3991.33,2889.67,74,6905,139.8,2647
"705616","Jharsuguda - Bilaspur - 4th line 206 km","Railways","Ministry of Railways","Chhattisgarh",2140,2978.55,2547.36,88,3644,119,516
"705391","Jiribam-Imphal 110 km","Railways","Ministry of Railways","Manipur",14323,21886,16931.5,78,8356,118.2,912
"705358","Khurda Road-Bolangir 301 km","Railways","Ministry of Railways","Multi-State / Central",3792,6221.98,4864.86,93,11841,128.3,0
"705512","Kottavalasa-Koraput 189.278 km","Railways","Ministry of Railways","Multi-State / Central",2500,3580.41,2358.96,74,3919,94.4,2192
"705480","Lalitpur-Satna, Rewa-Singrauli & Mahoba-Khajuraho 541 km","Railways","Ministry of Railways","Madhya Pradesh",8914,8913.94,6694.7,73,7159,75.1,275
"705489","Madurai-Tuticorin via Aruppukkottai 143.5 km","Railways","Ministry of Railways","Tamil Nadu",601,2053.39,351.21,14,5631,58.4,3471
"705667","Mathura-Jhansi - 3rd line 273.80 km","Railways","Ministry of Railways","Uttar Pradesh",5961,5960.76,5725.22,94,3644,96,1096
"616699","Multi tracking of Son Nagar-Andal 374.53 rkm","Railways","Ministry of Railways","Multi-State / Central",12334,12334,1350.85,3,1102,11,0
"400298","Nadikude-Srikalahasti 308.7 km","Railways","Ministry of Railways","Multi-State / Central",2312,5906.03,2535.68,2,5266,109.7,305
"705410","Nangal Dam-Talwara 83.74 km - New broad gauge line","Railways","Ministry of Railways","Multi-State / Central",2018,4076.15,2998.72,84,15859,148.6,730
"705572","New Bongaigaon - Goalpara - Guwahati Kamakhya 176 km","Railways","Ministry of Railways","Assam",4060,4983.94,3860.64,91,3650,95.1,0
"705481","Ramganj Mandi-Bhopal 262 km","Railways","Ministry of Railways","Himachal Pradesh",3032,5074.76,4554.84,88,9687,150.2,736
"705457","Ratlam-Mhow-Khandwa-Akola 472.64 km","Railways","Ministry of Railways","Multi-State / Central",1656,13314.5,5084.39,75,6801,307,549
"705359","Talcher-Bimlagarh 154 km","Railways","Ministry of Railways","Odisha",1928,4546.84,2194.73,56,8188,113.8,1461
"705635","Trivandrum - Kanyakumari 86.56 km","Railways","Ministry of Railways","Kerala",1432,4889.79,3294.98,60,3290,230.1,1552
"705502","Wardha-Balharshah - 3rd line 132 km","Railways","Ministry of Railways","Maharashtra",1385,2603.11,1911.26,86,3829,138,59
"701668","Development of Palakkad Node under extension of CBIC to Kochi","Real Estate","Department for Promotion of Industry & Internal Trade","Kerala",3805,3805,58.62,5,733,1.5,0
"701658","Krishnapatnam Node - Phase 1 - Roads and Services Development","Real Estate","Department for Promotion of Industry & Internal Trade","Bihar",2139,2139,1020.5,48,2070,47.7,0
"617727","Orvakal Industrial Area","Real Estate","Department for Promotion of Industry & Internal Trade","Multi-State / Central",2786,2786,446.32,18,733,16,0
"701657","Tumakuru Node - Phase 1 - Roads and Services Development","Real Estate","Department for Promotion of Industry & Internal Trade","Multi-State / Central",1702,1702,375.68,29,2070,22.1,365
"701766","Green Building Development Project","Real Estate","Ministry of Housing & Urban Affairs","Multi-State / Central",151,206,62.73,40,2489,41.5,1134
"400188","Redevelopment of Seven General Pool Residential Accommodation [GPRA] Colonies in Delhi","Real Estate","Ministry of Housing & Urban Affairs","Delhi",32850,32841,14370.5,47,3709,43.7,0
"701719","Rehablitation in Junavadaj Area Smart City Project","Real Estate","Ministry of Housing & Urban Affairs","Multi-State / Central",539,539,623.44,98,3836,115.7,1485
"618788","4L Greenfield Jalbhera Shahbad section of NH-152G","Roads & Highways","Ministry of Road Transport & Highways","Multi-State / Central",927,1173.66,550.77,87,1614,59.4,487
"618909","2L PS of JH / WB Border - Purulia - Chandil Junction of NH-32","Roads & Highways","Ministry of Road Transport & Highways","Multi-State / Central",1652,1771.88,1652.44,98,3093,100,1547
"618955","2L PS of Majhauli to Charout section","Roads & Highways","Ministry of Road Transport & Highways","Multi-State / Central",638,1067.51,1104.68,100,3142,173.1,1791
"618957","4 laning of Champa - Korba from km 0.00 to km 38.2","Roads & Highways","Ministry of Road Transport & Highways","Chhattisgarh",1002,1304.47,944.79,99,2030,94.3,1030
"619158","4 Laning of Duburi Chandikhole Pkg-III","Roads & Highways","Ministry of Road Transport & Highways","Multi-State / Central",789,907.61,725.21,86,3146,91.9,1605
"619167","4 Laning with PS of Pathrapalli-Katghora Pkg-II of Bilaspur Kathghora","Roads & Highways","Ministry of Road Transport & Highways","Chhattisgarh",865,1275.26,853.93,93,2449,98.7,1397
"618328","4-Laning of Balance work of Dimapur-Kohima Road under SARDP-NE Package-III","Roads & Highways","Ministry of Road Transport & Highways","Nagaland",563,794.75,551.33,84,3805,97.9,367
"618495","4/6L Access Control Expressway Kunjwani to Sidhra & Domel to Katra Section of NH-44","Roads & Highways","Ministry of Road Transport & Highways","Multi-State / Central",2895,2894.74,1017.24,67,1524,35.1,878
"618785","4/6L Greenfield Ludhiana-Rupnagar Highway with Ludhiana bypass of NH-205K Pkg-3","Roads & Highways","Ministry of Road Transport & Highways","Punjab",1501,1815.13,1173.74,81,1858,78.2,684
"618969","4/6L of Spur to Haridwar Greenfield","Roads & Highways","Ministry of Road Transport & Highways","Uttarakhand",2156,2612.3,1543.42,93,1750,71.6,588
"619132","4/6L of Gurgaon - Pataudi - Rewari of NH-352W","Roads & Highways","Ministry of Road Transport & Highways","Haryana",1810,1917.5,1282.66,78,2303,70.9,1042
"618481","4L Bangalore-Chennai Expressway Kanchepuram to Sriperumbudur Section Phase-III/Package-IV","Roads & Highways","Ministry of Road Transport & Highways","Karnataka",3606,3605.73,1009.84,90,2013,28,844
"618923","4L Behsuma To Bijnor of NH-119 Pkg-II","Roads & Highways","Ministry of Road Transport & Highways","Multi-State / Central",2158,2553.12,1236.27,70,1267,57.3,226
"619073","4L of Dodaballapur Bypass to Hoskote section of NH-648 [Bangalore Ring Road Pkg 2]","Roads & Highways","Ministry of Road Transport & Highways","Karnataka",1318,1846.52,1360.42,99,2376,103.2,1317
"618906","4L of Amritsar-Ghoman - Tanda - Una Section of NH-503A Package-I","Roads & Highways","Ministry of Road Transport & Highways","Punjab",858,1443.47,773.01,69,2077,90.1,1015
"618887","4L of Bettadahalli- Shivamogga section of NH-206 Tumkur- Shivamogga Pkg-IV","Roads & Highways","Ministry of Road Transport & Highways","Karnataka",2083,2545.11,1645.31,84,2778,79,1259
"618889","4L of Bhangbar Near Ranital to Kangra Bypass Section of NH-303 Pkg-VB","Roads & Highways","Ministry of Road Transport & Highways","Multi-State / Central",1323,1829.49,1103.47,97,1992,83.4,734
"618639","4L of Bilaspur to Urga km 0.00 to 70.2 of NH-130A","Roads & Highways","Ministry of Road Transport & Highways","Chhattisgarh",1856,2523.86,1558.35,95,2317,84,1012
"619317","4L of Hajipur-Muzaffarpur Section of NH-77","Roads & Highways","Ministry of Road Transport & Highways","Bihar",2723,2906.78,2160.8,99,5863,79.4,5015
"619092","4L of Jind-Gohana road Package-1 of NH-352 A","Roads & Highways","Ministry of Road Transport & Highways","Multi-State / Central",994,1606.82,1064.47,100,2775,107.1,1469
"618765","4L of Karimnagar-Warangal section of NH-563","Roads & Highways","Ministry of Road Transport & Highways","Telangana",2147,2486.51,1274.82,92,1636,59.4,441
"618921","4L of Kathlighat to Shakral Village of NH-5 Shimla Bypass - Pkg I","Roads & Highways","Ministry of Road Transport & Highways","Himachal Pradesh",1703,2648.8,1211.34,64,1624,71.1,449
"618896","4L of Sannur to Bikarnakatte section of NH-169 Karkala - Mangalore Package-III","Roads & Highways","Ministry of Road Transport & Highways","Karnataka",1386,2038.71,1257.12,76,1986,90.7,934
"618922","4L of Shakral Village to Dhalli Section Shimla Bypass - Pkg II of NH-5","Roads & Highways","Ministry of Road Transport & Highways","Himachal Pradesh",1956,2880.72,1537.77,60,1607,78.6,292
"618640","4L of Urga - Pathalgaon of NH-130A","Roads & Highways","Ministry of Road Transport & Highways","Multi-State / Central",2261,2860.36,1121.3,82,1615,49.6,84
"618870","4L PS from Hemmige Village Periyapatna to Hunsur section of NH-275 Pkg. III","Roads & Highways","Ministry of Road Transport & Highways","Bihar",884,1726.65,447.2,28,1301,50.6,310
"619099","6L Amritsar-Bathinda Greenfield section of NH-754A Pkg-2","Roads & Highways","Ministry of Road Transport & Highways","Punjab",1801,2172.71,1268.59,67,1980,70.4,369
"618618","6L Amritsar-Bathinda Greenfield section of NH-754A Pkg-3","Roads & Highways","Ministry of Road Transport & Highways","Punjab",2029,2677.23,1443.14,74,1979,71.1,400
"618601","6L of Kappirikkad to Thalikulam section of NH - 66","Roads & Highways","Ministry of Road Transport & Highways","Multi-State / Central",4226,4225.59,3345.37,95,1910,79.2,885
"618597","6L of Azhiyur-Vengalam of NH-66","Roads & Highways","Ministry of Road Transport & Highways","Multi-State / Central",3206,3898.46,2428.32,60,2147,75.7,1365
"618595","6L of Chengala - Neeleshwaram of NH-66","Roads & Highways","Ministry of Road Transport & Highways","Multi-State / Central",1746,2538.06,1455.92,91,2281,83.4,1080
"619206","6L of Perole Nileshwar town to Taliparamba of NH-66","Roads & Highways","Ministry of Road Transport & Highways","Multi-State / Central",3042,3867.66,2526.57,87,2264,83.1,1175
"618599","6L of Ramanatukkara Junction to start of Valanchery bypass section of NH-66","Roads & Highways","Ministry of Road Transport & Highways","Multi-State / Central",4919,4919.46,3764.41,100,2041,76.5,803
"618596","6L of Taliparamba to Muzhappilangad of NH-66","Roads & Highways","Ministry of Road Transport & Highways","Multi-State / Central",2715,3557.65,2020.57,84,2219,74.4,1345
"618862","Bakhtiyarpur-Rajauli Pkg-III","Roads & Highways","Ministry of Road Transport & Highways","Multi-State / Central",2156,3046.61,1823.64,99,2182,84.6,825
"619089","Balance work of 4L of Narimbanglo-Jatinga Junction-Harangajao road section of NH-27","Roads & Highways","Ministry of Road Transport & Highways","Multi-State / Central",1910,2745.74,1434.97,98,1642,75.1,258
"618706","Bangalore-Nidagatta Pkg. I","Roads & Highways","Ministry of Road Transport & Highways","Karnataka",3496,4087.42,4315.2,99,3121,123.4,1786
"619150","BRT Tiger Reserve Boundary to Bangalore Section of NH-209 in Karnataka","Roads & Highways","Ministry of Road Transport & Highways","Karnataka",2083,2859.93,2243.04,100,3798,107.7,2598
"618373","Construction of 4-Lane Bridge over River Brahmaputra between Dhubri and Phulbari on NH-127B","Roads & Highways","Ministry of Road Transport & Highways","Multi-State / Central",4997,4997,3133.25,79,2674,62.7,0
"618869","Construction of 4/6 lane Highway of Southern Bareilly Bypass","Roads & Highways","Ministry of Road Transport & Highways","Multi-State / Central",1122,1869.59,622.57,16,621,55.5,0
"619068","Construction of Greenfield Connectivity to Jewar International Airport from DND-Faridabad-Ballabhgarh Bypass","Roads & Highways","Ministry of Road Transport & Highways","Haryana",2921,3485.77,1804.32,76,1516,61.8,664
"618412","Construction of Connecting Road from Z-Morh Tunnel to Zojila Tunnel and 14.150 Km Zoji-la Tunnel on NH-01","Roads & Highways","Ministry of Road Transport & Highways","Multi-State / Central",6809,6809,3583.3,69,3147,52.6,516
"617989","Construction of Major Bridge at Km.180.865 across river Krishna on NH 167 Hagari Jadcherla section","Roads & Highways","Ministry of Road Transport & Highways","Multi-State / Central",157,187.61,16713.2,69,2735,10645.4,2001
"618482","Delhi-Amritsar-Katra Expressway Phase-I Pkg-I","Roads & Highways","Ministry of Road Transport & Highways","Delhi",1866,2429.9,1609.72,100,2093,86.3,948
"618489","Delhi-Amritsar-Katra Expressway Phase-I Pkg-IX","Roads & Highways","Ministry of Road Transport & Highways","Delhi",1851,2407.14,1944.05,73,2077,105,988
"619066","Delhi-Amritsar-Katra Expressway Phase-II Pkg-XIV","Roads & Highways","Ministry of Road Transport & Highways","Delhi",3044,3707.91,1782.31,87,1767,58.6,766
"618494","Delhi-Amritsar-Katra Expressway Phase-II Pkg-XV","Roads & Highways","Ministry of Road Transport & Highways","Delhi",2715,3716.56,1848,90,1789,68.1,827
"619202","Dwarka Expressway from Km -0.600 to Km 5.300 - Pkg-I Shivmurti Chowk-RuB near Dwarka Sector 21","Roads & Highways","Ministry of Road Transport & Highways","Multi-State / Central",2145,3929.5,3560.87,99,3091,166,1467
"618607","Kottankulangara- Start of Kollam Bypass","Roads & Highways","Ministry of Road Transport & Highways","Multi-State / Central",2842,3680.49,2373.22,74,1910,83.5,905
"618653","Loha-Waranga Section of NH-361 from km 187.800 to km 244.369","Roads & Highways","Ministry of Road Transport & Highways","Multi-State / Central",1236,3466.58,1557.02,96,3105,126,2108
"619120","Nidagatta-Mysore Pkg II","Roads & Highways","Ministry of Road Transport & Highways","Karnataka",2920,4113.89,3717.48,99,3107,127.3,1576
"618851","Pandoh bypass 221.305 to Takoli 242.000 of NH-21 in Himachal Pradesh","Roads & Highways","Ministry of Road Transport & Highways","Himachal Pradesh",3420,4465.94,2887.37,96,3366,84.4,2015
"618463","Vadodara Mumbai Expressway Kim to Ankleshwar Phase IA - Pkg V","Roads & Highways","Ministry of Road Transport & Highways","Gujarat",1325,2807.48,1547.27,91,3115,116.8,1795
"618469","Vadodara Mumbai Expressway Phase II - Pkg XIII Shirsad - Masvan","Roads & Highways","Ministry of Road Transport & Highways","Gujarat",3537,4679.54,1986.56,98,2277,56.2,935
"619064","Vadodara Mumbai Expressway Talsari to Karvad Phase IB - Pkg X","Roads & Highways","Ministry of Road Transport & Highways","Gujarat",1910,2652.24,1098.49,36,2154,57.5,1380
"701574","Deepening and Optimization of Inner Harbour facilities at Paradip Port","Shipping","Ministry of Ports, Shipping and Waterways","Odisha",3005,3005,2279.12,78,1561,75.8,290
"609424","Development of Container Terminal at Tuna-Tekra, Deendayal Port","Shipping","Ministry of Ports, Shipping and Waterways","Multi-State / Central",4244,4244,2878.7,60,1410,67.8,201
"701570","Replacement and revamping of pipeline projects in oil jetty area, Kandla","Shipping","Ministry of Ports, Shipping and Waterways","Gujarat",171,211.61,149.5,92,1796,87.4,548
"400121","Construction of Screening Plant-II for Donimalai and Kumaraswamy Iron Ore Mining Complex at Ballari, Karnataka.","Steel","Ministry of Steel","Karnataka",1044,1044,658.17,73,4294,63,0
"617242","Installation of New Bar Mill at Durgapur Steel Plant","Steel","Ministry of Steel","West Bengal",2115,2115,994.1,70,783,47,0
"400174","New Sinter Plant at BSL, SAIL","Steel","Ministry of Steel","Multi-State / Central",1034,1752.3,1075.46,66,4172,104,0
"706811","NMDC Slurry Pipeline Project Phase-1","Steel","Ministry of Steel","Multi-State / Central",2907,5427,3684.95,97,3947,126.8,1142
"709826","SCREENING PLANT-III AT KIRANDUL","Steel","Ministry of Steel","Chhattisgarh",2719,3062.39,1763.55,84,6421,64.9,546
"617338","Stamp Charge Battery No.12 Battery Proper at IISCO Steel Plant","Steel","Ministry of Steel","Multi-State / Central",2518,2518,485.99,31,588,19.3,0
"738679","Stamp Charge Battery No.7 Battery Proper at RSP","Steel","Ministry of Steel","Multi-State / Central",2584,2584,1251,59,723,48.4,0
"701593","4G Services by BSNL","Telecommunication","Department of Telecommunications","Multi-State / Central",28466,19592,9173,99,2129,32.2,730
"108841","Amended BharatNet Program - KTK, GOA, PY","Telecommunication","Department of Telecommunications","Goa",3742,3742,435.31,10,1123,11.6,0
"175860","Amended BharatNet Program - MP, DD and DNH","Telecommunication","Department of Telecommunications","Multi-State / Central",4943,4943,562.13,9,1184,11.4,0
"222253","Amended BharatNet Program - UP (East)","Telecommunication","Department of Telecommunications","Multi-State / Central",5008,5008,502,8,1123,10,0
"706775","BharatNet","Telecommunication","Department of Telecommunications","Multi-State / Central",12709,12709,10320,100,3330,81.2,0
"547243","BharatNet Phase-II","Telecommunication","Department of Telecommunications","Multi-State / Central",22175,22175,20691.7,93,3330,93.3,0
"709857","Planning, Engineering, Supply, Installation, Testing & Commissioning of 4G mobile network at 1 Lakh sites on PAN India basis","Telecommunication","Department of Telecommunications","Multi-State / Central",24545,24545,9173.85,99,1211,37.4,466
"400013","Saturation 4G mobile coverage of Uncovered Villages through USOF","Telecommunication","Department of Telecommunications","Multi-State / Central",26316,15392.8,8722.82,89,1496,33.1,1014
"707215","National Maritime Heritage Complex [NMHC] Phase-I","Tourism, Hospitality & Wellness","Ministry of Ports, Shipping and Waterways","Multi-State / Central",573,1238.05,674.35,80,2747,117.7,0
"602223","Comprehensive Scheme for Strengthening of Transmission and Distribution [T&D] Systems in Arunachal Pradesh and Sikkim","Transmission & Distribution","Ministry of Power","Arunachal Pradesh",4754,9129.32,8173.48,84,4339,171.9,3024
"617405","Jamnagar Transmission Limited","Transmission & Distribution","Ministry of Power","Gujarat",4000,4000,698,25,686,17.4,351
"619049","Khavda IVA Power Transmission Limited","Transmission & Distribution","Ministry of Power","Gujarat",4500,4500,2772.7,75,731,61.6,213
"619026","KPSIII HVDC Transmission Limited","Transmission & Distribution","Ministry of Power","Multi-State / Central",19000,19000,20.65,1,262,0.1,0
"607709","NORTH EASTERN REGION POWER SYSTEM IMPROVEMENT PROJECT [NERPSIP]","Transmission & Distribution","Ministry of Power","Multi-State / Central",5111,6700,5577.75,99,4291,109.1,3012
"619025","RAJASTHAN PART I POWER TRANSMISSION LIMITED","Transmission & Distribution","Ministry of Power","Rajasthan",25000,25000,805.05,12,588,3.2,0
"612140","Transmission Scheme for Integration of Renewable Energy Zone [Phase II] in Koppal II and Gadag II in Karnataka","Transmission & Distribution","Ministry of Power","Karnataka",4445,4445,4178.3,97,979,94,279
"615347","TRANSMISSION SYSTEM FOR EVACUATION OF POWER FROM KHAVDA AREA OF GUJARAT UNDER PHASE-V [8 GW] PART A","Transmission & Distribution","Ministry of Power","Gujarat",24819,24819,3166.9,20,650,12.8,0
"612134","Transmission System for Evacuation of power from Rajasthan REZ Ph-IV [Part-1] [Bikaner Complex] Part A","Transmission & Distribution","Ministry of Power","Rajasthan",4741,4741,3887.62,80,978,82,490
"615339","Transmission system for evacuation of power from Rajasthan REZ Ph-IV [Part-3/6GW] [Bikaner complex] Part A","Transmission & Distribution","Ministry of Power","Rajasthan",5969,5969,2268.22,38,657,38,170
"617185","Transmission System for Integration of Kurnool-IV REZ Phase-I [for 4.5 GW]","Transmission & Distribution","Ministry of Power","Andhra Pradesh",5550,5550,1963,34,525,35.4,191
"702629","Agra Metro Rail Project","Urban Public Transport","Ministry of Housing & Urban Affairs","Uttar Pradesh",8380,8380,6458.78,74,2653,77.1,1130
"612878","Bangalore Metro Rail Project - PHASE-3","Urban Public Transport","Ministry of Housing & Urban Affairs","Karnataka",15611,15611,0,4,717,0,0
"702625","Bhopal Metro Rail Project","Urban Public Transport","Ministry of Housing & Urban Affairs","Madhya Pradesh",6941,6941,4571.69,63,2831,65.9,2040
"702668","Chennai Metro Rail Phase-II Development Project","Urban Public Transport","Ministry of Housing & Urban Affairs","Tamil Nadu",63246,63246,35228,57,682,55.7,0
"702665","Construction Bangalore Metro Rail Project Phase-2A & 2B","Urban Public Transport","Ministry of Housing & Urban Affairs","Karnataka",14788,14788.1,11079.3,68,1911,74.9,0
"702635","Construction of Bangalore Metro Rail Project Phase 2.","Urban Public Transport","Ministry of Housing & Urban Affairs","Karnataka",26405,30695.1,29845,96,4574,113,2018
"619031","Delhi Metro Rail Phase V A","Urban Public Transport","Ministry of Housing & Urban Affairs","Delhi",12015,12015,296.94,6,236,2.5,0
"702632","DMRTS Phase - IV [3 Priority Corridors]","Urban Public Transport","Ministry of Housing & Urban Affairs","Delhi",24949,24949,21685.6,84,2615,86.9,640
"702626","Indore Metro Rail Project","Urban Public Transport","Ministry of Housing & Urban Affairs","Madhya Pradesh",7501,7501,5190.14,66,2831,69.2,2224
"702628","Kanpur Metro Rail Project","Urban Public Transport","Ministry of Housing & Urban Affairs","Uttar Pradesh",11076,11076,9542.15,84,2653,86.2,1039
"702627","Patna Metro Rail Project","Urban Public Transport","Ministry of Housing & Urban Affairs","Bihar",13366,13365.8,5198.09,50,2742,38.9,1220
"618985","Pune Metro Rail Project Phase-2 Line-4 Kharadi to Khadakwasla","Urban Public Transport","Ministry of Housing & Urban Affairs","Maharashtra",9858,9858,10.46,2,258,0.1,0
"702630","Surat Metro Rail Project","Urban Public Transport","Ministry of Housing & Urban Affairs","Gujarat",12020,12020,9535.85,83,2732,79.3,1117
"617327","Thane Integral Ring Metro Rail Project","Urban Public Transport","Ministry of Housing & Urban Affairs","Maharashtra",12200,12200,136.27,11,726,1.1,0
"616594","Interception & Diversion with Rehabilitation of sewerage scheme at Agra - Namami Gange Programme","Waste & Water","Department of Water Resources, River Development & GR","Uttar Pradesh",842,842,208.64,86,2308,24.8,610
"616611","Sewage Treatment Plant 100MLD and Sewerage Network 288 km in Digha-Patna - Namami Gange Programme","Waste & Water","Department of Water Resources, River Development & GR","Bihar",824,824,403.34,59,3307,48.9,274
"616615","Sewer Network, SPS and STP at Begusarai","Waste & Water","Department of Water Resources, River Development & GR","Multi-State / Central",230,230,261.82,97,6020,113.8,610
"702949","Jhansi Water Supply Infrastructure Phase-II Project","Waste & Water","Ministry of Housing & Urban Affairs","Uttar Pradesh",562,562,506.52,96,3456,90.1,1127
"702810","Singrauli Sewerage Management and Treatment Infrastructure Project","Waste & Water","Ministry of Housing & Urban Affairs","Madhya Pradesh",402,438.1,387.75,91,3749,96.5,1187
"701391","Aruna Medium Irrigation Project","Water Resources","Department of Water Resources, River Development & GR","Multi-State / Central",210,1472.14,1734.71,100,6361,826.1,2373
"400116","Bargi Diversion Project Phase - III [km. 104 to km 154]","Water Resources","Department of Water Resources, River Development & GR","Multi-State / Central",1229,1399.7,2271.97,82,7092,184.9,2557
"701386","Gosikhurd Project","Water Resources","Department of Water Resources, River Development & GR","Multi-State / Central",7196,12770.1,14439.5,73,6726,200.7,3104
"400103","Indiramma Flood Flow Canal Project","Water Resources","Department of Water Resources, River Development & GR","Multi-State / Central",1331,5940.09,4491.08,92,11107,337.4,2557
"603945","Integrated Anandpur Barrage Project","Water Resources","Department of Water Resources, River Development & GR","Multi-State / Central",567,2990.05,2836.51,63,10744,500.3,3104
"701405","J. Chokka Rao Devadula Lift Irrigation Scheme","Water Resources","Department of Water Resources, River Development & GR","Multi-State / Central",8201,13445.4,4841.09,88,7457,59,2192
"701404","Kanupur Irrigation Project","Water Resources","Department of Water Resources, River Development & GR","Multi-State / Central",989,2301.28,2804.16,80,8553,283.5,2738
"701530","Ken-Betwa Linking Development Project","Water Resources","Department of Water Resources, River Development & GR","Multi-State / Central",21030,21030,8530.86,0,900,40.6,0
"701396","Lower Pedhi Project","Water Resources","Department of Water Resources, River Development & GR","Multi-State / Central",256,1480.7,3066.05,65,6726,1197.7,2282
"701408","Madhya Ganga canal Phase-II","Water Resources","Department of Water Resources, River Development & GR","Multi-State / Central",1061,4417.21,4575.74,82,6726,431.3,2192
"701415","Polavaram Irrigation Project","Water Resources","Department of Water Resources, River Development & GR","Multi-State / Central",10151,55548.9,28159.2,86,6432,277.4,1887
"701372","Sardar Sarovar Project","Water Resources","Department of Water Resources, River Development & GR","Multi-State / Central",20718,33412.5,31986.5,94,11109,154.4,3013
"701376","Subernarekha Multipurpose Project, Jharkhand","Water Resources","Department of Water Resources, River Development & GR","Jharkhand",3808,9579.58,6089.12,70,5631,159.9,2282
"701402","Subernarekha Project, Odisha","Water Resources","Department of Water Resources, River Development & GR","Odisha",3056,7023.19,8330.62,96,11204,272.6,2282
"701383","Waghur Project","Water Resources","Department of Water Resources, River Development & GR","Multi-State / Central",1059,1758.51,1642.68,90,11109,155.1,2282